"file","caption","alt_text","category","png_time","StartTime"
"bio5_weightatsize.png","Weight-at-age for females",NA,"Bio",2025-04-29 15:44:49.622461,"StartTime: Tue Apr 29 15:36:41 2025"
"bio6_maturity.png","Spawning output at age (maturity x fecundity)",NA,"Bio",2025-04-29 15:44:49.622461,"StartTime: Tue Apr 29 15:36:41 2025"
"bio21_natmort.png","Natural mortality at age",NA,"Bio",2025-04-29 15:44:49.622461,"StartTime: Tue Apr 29 15:36:41 2025"
"sel02_multiple_fleets_age1.png","Selectivity at age for multiple fleets.",NA,"Sel",2025-04-29 15:44:49.622461,"StartTime: Tue Apr 29 15:36:41 2025"
"sel02_multiple_fleets_age2.png","Selectivity at age derived from selectivity at length for multiple fleets.",NA,"Sel",2025-04-29 15:44:49.622461,"StartTime: Tue Apr 29 15:36:41 2025"
"sel11_timevary_surf_flt1sex1.png","Time-varying selectivity for MexCal_S1",NA,"Sel",2025-04-29 15:44:49.622461,"StartTime: Tue Apr 29 15:36:41 2025"
"sel12_timevary_contour_flt1sex1.png","Time-varying selectivity for MexCal_S1",NA,"Sel",2025-04-29 15:44:49.622461,"StartTime: Tue Apr 29 15:36:41 2025"
"sel13_age_flt1sex1.png","Ending year selectivity for MexCal_S1",NA,"Sel",2025-04-29 15:44:49.622461,"StartTime: Tue Apr 29 15:36:41 2025"
"sel11_timevary_surf_flt2sex1.png","Time-varying selectivity for MexCal_S2",NA,"Sel",2025-04-29 15:44:49.622461,"StartTime: Tue Apr 29 15:36:41 2025"
"sel12_timevary_contour_flt2sex1.png","Time-varying selectivity for MexCal_S2",NA,"Sel",2025-04-29 15:44:49.622461,"StartTime: Tue Apr 29 15:36:41 2025"
"sel13_age_flt2sex1.png","Ending year selectivity for MexCal_S2",NA,"Sel",2025-04-29 15:44:49.622461,"StartTime: Tue Apr 29 15:36:41 2025"
"sel11_timevary_surf_flt3sex1.png","Time-varying selectivity for PNW",NA,"Sel",2025-04-29 15:44:49.622461,"StartTime: Tue Apr 29 15:36:41 2025"
"sel12_timevary_contour_flt3sex1.png","Time-varying selectivity for PNW",NA,"Sel",2025-04-29 15:44:49.622461,"StartTime: Tue Apr 29 15:36:41 2025"
"sel13_age_flt3sex1.png","Ending year selectivity for PNW",NA,"Sel",2025-04-29 15:44:49.622461,"StartTime: Tue Apr 29 15:36:41 2025"
"sel11_timevary_surf_flt4sex1.png","Time-varying selectivity for AT_Survey",NA,"Sel",2025-04-29 15:44:49.622461,"StartTime: Tue Apr 29 15:36:41 2025"
"sel12_timevary_contour_flt4sex1.png","Time-varying selectivity for AT_Survey",NA,"Sel",2025-04-29 15:44:49.622461,"StartTime: Tue Apr 29 15:36:41 2025"
"sel13_age_flt4sex1.png","Ending year selectivity for AT_Survey",NA,"Sel",2025-04-29 15:44:49.622461,"StartTime: Tue Apr 29 15:36:41 2025"
"ts7_Spawning_output.png","Spawning output",NA,"Timeseries",2025-04-29 15:44:49.622461,"StartTime: Tue Apr 29 15:36:41 2025"
"ts7_Spawning_output_with_95_intervals.png","Spawning output with ~95% asymptotic intervals",NA,"Timeseries",2025-04-29 15:44:49.622461,"StartTime: Tue Apr 29 15:36:41 2025"
"ts9_Relative_spawning_output.png","Relative spawning output: B/B_0",NA,"Timeseries",2025-04-29 15:44:49.622461,"StartTime: Tue Apr 29 15:36:41 2025"
"ts9_Relative_spawning_output_intervals.png","Relative spawning output: B/B_0 with ~95% asymptotic intervals",NA,"Timeseries",2025-04-29 15:44:49.622461,"StartTime: Tue Apr 29 15:36:41 2025"
"ts1_Total_biomass_(t).png","Total biomass (t)",NA,"Timeseries",2025-04-29 15:44:49.622461,"StartTime: Tue Apr 29 15:36:41 2025"
"ts3_Total_biomass_(t)_at_beginning_of_season_2.png","Total biomass (t) at beginning of season 2",NA,"Timeseries",2025-04-29 15:44:49.622461,"StartTime: Tue Apr 29 15:36:41 2025"
"ts4_Summary_biomass_(t).png","Summary biomass (t)",NA,"Timeseries",2025-04-29 15:44:49.622461,"StartTime: Tue Apr 29 15:36:41 2025"
"ts6_Summary_biomass_(t)_at_beginning_of_season_2.png","Summary biomass (t) at beginning of season 2",NA,"Timeseries",2025-04-29 15:44:49.622461,"StartTime: Tue Apr 29 15:36:41 2025"
"ts11_Age-0_recruits_(1000s).png","Age-0 recruits (1,000s)",NA,"Timeseries",2025-04-29 15:44:49.622461,"StartTime: Tue Apr 29 15:36:41 2025"
"ts11_Age-0_recruits_(1000s)_with_95_asymptotic_intervals.png","Age-0 recruits (1,000s) with ~95% asymptotic intervals",NA,"Timeseries",2025-04-29 15:44:49.622461,"StartTime: Tue Apr 29 15:36:41 2025"
"ts14_Age-0_recruits_(1000s)_by_birth_season.png","Age-0 recruits (1,000s) by birth season",NA,"Timeseries",2025-04-29 15:44:49.622461,"StartTime: Tue Apr 29 15:36:41 2025"
"ts15_Fraction_of_total_Age-0_recruits_by_birth_season.png","Fraction of total Age-0 recruits by birth season",NA,"Timeseries",2025-04-29 15:44:49.622461,"StartTime: Tue Apr 29 15:36:41 2025"
"ts_summaryF.png","Summary F (definition of F depends on setting in starter.ss)",NA,"Timeseries",2025-04-29 15:44:49.622461,"StartTime: Tue Apr 29 15:36:41 2025"
"ts_DynamicB0.png","Dynamic B0 plot. The lower line shows the time series of estimated Spawning output in the presence of fishing mortality. The upper line shows the time series that could occur under the same dynamics (including deviations in recruitment), but without fishing. The point at the left represents the unfished equilibrium.",NA,"Timeseries",2025-04-29 15:44:49.622461,"StartTime: Tue Apr 29 15:36:41 2025"
"recdevs1_points.png","Recruitment deviations",NA,"RecDev",2025-04-29 15:44:49.622461,"StartTime: Tue Apr 29 15:36:41 2025"
"recdevs2_withbars.png","Recruitment deviations with 95% intervals",NA,"RecDev",2025-04-29 15:44:49.622461,"StartTime: Tue Apr 29 15:36:41 2025"
"recdevs3_varcheck.png","Recruitment deviations variance check.<br> See later figure of transformed variance values for comparison with bias adjustment settings in the model.",NA,"RecDev",2025-04-29 15:44:49.622461,"StartTime: Tue Apr 29 15:36:41 2025"
"recruit_fit_bias_adjust.png","Points are transformed variances. Red line shows current settings for bias adjustment specified in control file. Blue line shows least squares estimate of alternative bias adjustment relationship for recruitment deviations (which may or may not be an improvement. For more information, see<br> 
<blockquote>Methot, R.D. and Taylor, I.G., 2011. Adjusting for bias due to variability of estimated recruitments in fishery assessment models. <i>Can. J. Fish. Aquat. Sci.</i>, 68:1744-1760.</blockquote><br> 
Estimated alternative inputs to SS control file associated with blue line in figure: 
<pre>1977.9   #_last_early_yr_nobias_adj_in_MPD 
1979.8   #_first_yr_fullbias_adj_in_MPD 
2020.8   #_last_yr_fullbias_adj_in_MPD 
2021.7   #_first_recent_yr_nobias_adj_in_MPD 
0.9078  #_max_bias_adj_in_MPD (1.0 to mimic pre-2009 models) </pre>",NA,"RecDev",2025-04-29 15:44:49.622461,"StartTime: Tue Apr 29 15:36:41 2025"
"SR_curve.png","Stock-recruit curve.  Point colors indicate year, with warmer colors indicating earlier years and cooler colors in showing later years.",NA,"S-R",2025-04-29 15:44:49.622461,"StartTime: Tue Apr 29 15:36:41 2025"
"SR_curve2.png","Stock-recruit curve with labels on first, last, and years with (log) deviations > 0.5. Point colors indicate year, with warmer colors indicating earlier years and cooler colors in showing later years.",NA,"S-R",2025-04-29 15:44:49.622461,"StartTime: Tue Apr 29 15:36:41 2025"
"SR_resids.png","Deviations around the stock-recruit curve. Labels are on first, last, and years with (log) deviations > 0.5. Point colors indicate year, with warmer colors indicating earlier years and cooler colors in showing later years.",NA,"S-R",2025-04-29 15:44:49.622461,"StartTime: Tue Apr 29 15:36:41 2025"
"catch1_landings.png","landings",NA,"Catch",2025-04-29 15:44:49.622461,"StartTime: Tue Apr 29 15:36:41 2025"
"catch2_landings_stacked.png","landings_stacked",NA,"Catch",2025-04-29 15:44:49.622461,"StartTime: Tue Apr 29 15:36:41 2025"
"catch3_observed_and_expected_landings_(if_different).png","observed_and_expected_landings_(if_different). Catch input in numbers is compared here to catch in biomass, making this figure less useful for models like this with catch in numbers. Future versions of this plot will be improve to compare catch in the same units.",NA,"Catch",2025-04-29 15:44:49.622461,"StartTime: Tue Apr 29 15:36:41 2025"
"catch9_harvest_rate.png","harvest_rate",NA,"Catch",2025-04-29 15:44:49.622461,"StartTime: Tue Apr 29 15:36:41 2025"
"catch10_landings_aggregated_across_seasons.png","_landings_aggregated_across_seasons",NA,"Catch",2025-04-29 15:44:49.622461,"StartTime: Tue Apr 29 15:36:41 2025"
"catch11_landings_aggregated_across_seasons_stacked.png","_landings_aggregated_across_seasons_stacked",NA,"Catch",2025-04-29 15:44:49.622461,"StartTime: Tue Apr 29 15:36:41 2025"
"SPR1_series.png","Timeseries of SPR. Horizontal line is at SPR target: 0.4",NA,"SPR",2025-04-29 15:44:49.622461,"StartTime: Tue Apr 29 15:36:41 2025"
"SPR3_ratiointerval.png","Timeseries of SPR ratio: 1-SPR",NA,"SPR",2025-04-29 15:44:49.622461,"StartTime: Tue Apr 29 15:36:41 2025"
"SPR4_phase.png","Phase plot of biomass ratio vs. SPR ratio.<br> Each point represents the biomass ratio at the start of the year and the relative fishing intensity in that same year. Warmer colors (red) represent early years and colder colors (blue) represent recent years. Lines through the final point show 95% intervals based on the asymptotic uncertainty for each dimension. The shaded ellipse is a 95% region which accounts for the estimated correlation between the two quantities: -0.314. The vertical line at 0.4 indicates the reference point as defined in the forecast.ss which can be removed from the plot via <code>SS_plots(..., btarg = -1)</code>. The horizontal line is at 1 - SPR target: 1 - 0.4 = 0.6. ",NA,"SPR",2025-04-29 15:44:49.622461,"StartTime: Tue Apr 29 15:36:41 2025"
"index1_cpuedata_AT_Survey.png","Index data for AT_Survey. Lines indicate 95% uncertainty interval around index values based on the model assumption of lognormal error. Thicker lines (if present) indicate input uncertainty before addition of estimated additional uncertainty parameter.",NA,"Index",2025-04-29 15:44:49.622461,"StartTime: Tue Apr 29 15:36:41 2025"
"index2_cpuefit_AT_Survey.png","Fit to index data for AT_Survey. Lines indicate 95% uncertainty interval around index values based on the model assumption of lognormal error. Thicker lines (if present) indicate input uncertainty before addition of estimated additional uncertainty parameter.",NA,"Index",2025-04-29 15:44:49.622461,"StartTime: Tue Apr 29 15:36:41 2025"
"index3_obs_vs_exp_AT_Survey.png","Observed vs. expected index values with smoother for AT_Survey",NA,"Index",2025-04-29 15:44:49.622461,"StartTime: Tue Apr 29 15:36:41 2025"
"index4_logcpuedata_AT_Survey.png","Log index data for AT_Survey. Lines indicate 95% uncertainty interval around index values based on the model assumption of lognormal error. Thicker lines (if present) indicate input uncertainty before addition of estimated additional uncertainty parameter.",NA,"Index",2025-04-29 15:44:49.622461,"StartTime: Tue Apr 29 15:36:41 2025"
"index5_logcpuefit_AT_Survey.png","Fit to log index data on log scale for AT_Survey. Lines indicate 95% uncertainty interval around index values based on the model assumption of lognormal error. Thicker lines (if present) indicate input uncertainty before addition of estimated additional uncertainty parameter.",NA,"Index",2025-04-29 15:44:49.622461,"StartTime: Tue Apr 29 15:36:41 2025"
"index6_log_obs_vs_exp_AT_Survey.png","log(observed) vs. log(expected) index values with smoother for AT_Survey",NA,"Index",2025-04-29 15:44:49.622461,"StartTime: Tue Apr 29 15:36:41 2025"
"index7_timevarying_q_AT_Survey.png","Timeseries of catchability for AT_Survey",NA,"Index",2025-04-29 15:44:49.622461,"StartTime: Tue Apr 29 15:36:41 2025"
"index8_q_vs_vuln_bio_AT_Survey.png","Catchability vs. vulnerable biomass for fleet AT_Survey<br> 
This plot should illustrate curvature of nonlinear catchability relationship<br> 
or reveal patterns associated with random-walk catchability.",NA,"Index",2025-04-29 15:44:49.622461,"StartTime: Tue Apr 29 15:36:41 2025"
"index10_resids_SE_total_AT_Survey.png","Residuals of fit to index for AT_Survey.<br>Values are (log(Obs) - log(Exp))/SE where SE is the total standard error including any estimated additional uncertainty.",NA,"Index",2025-04-29 15:44:49.622461,"StartTime: Tue Apr 29 15:36:41 2025"
"index12_resids_SE_total_AT_Survey.png","Deviations for fit to index for AT_Survey.<br>Values are log(Obs) - log(Exp) and thus independent of index uncertainty.",NA,"Index",2025-04-29 15:44:49.622461,"StartTime: Tue Apr 29 15:36:41 2025"
"index1_cpuedata_DEPM.png","Index data for DEPM. Lines indicate 95% uncertainty interval around index values based on the model assumption of lognormal error. Thicker lines (if present) indicate input uncertainty before addition of estimated additional uncertainty parameter.",NA,"Index",2025-04-29 15:44:49.622461,"StartTime: Tue Apr 29 15:36:41 2025"
"index2_cpuefit_DEPM.png","Fit to index data for DEPM. Lines indicate 95% uncertainty interval around index values based on the model assumption of lognormal error. Thicker lines (if present) indicate input uncertainty before addition of estimated additional uncertainty parameter.",NA,"Index",2025-04-29 15:44:49.622461,"StartTime: Tue Apr 29 15:36:41 2025"
"index3_obs_vs_exp_DEPM.png","Observed vs. expected index values with smoother for DEPM",NA,"Index",2025-04-29 15:44:49.622461,"StartTime: Tue Apr 29 15:36:41 2025"
"index4_logcpuedata_DEPM.png","Log index data for DEPM. Lines indicate 95% uncertainty interval around index values based on the model assumption of lognormal error. Thicker lines (if present) indicate input uncertainty before addition of estimated additional uncertainty parameter.",NA,"Index",2025-04-29 15:44:49.622461,"StartTime: Tue Apr 29 15:36:41 2025"
"index5_logcpuefit_DEPM.png","Fit to log index data on log scale for DEPM. Lines indicate 95% uncertainty interval around index values based on the model assumption of lognormal error. Thicker lines (if present) indicate input uncertainty before addition of estimated additional uncertainty parameter.",NA,"Index",2025-04-29 15:44:49.622461,"StartTime: Tue Apr 29 15:36:41 2025"
"index6_log_obs_vs_exp_DEPM.png","log(observed) vs. log(expected) index values with smoother for DEPM",NA,"Index",2025-04-29 15:44:49.622461,"StartTime: Tue Apr 29 15:36:41 2025"
"index10_resids_SE_total_DEPM.png","Residuals of fit to index for DEPM.<br>Values are (log(Obs) - log(Exp))/SE where SE is the total standard error including any estimated additional uncertainty.",NA,"Index",2025-04-29 15:44:49.622461,"StartTime: Tue Apr 29 15:36:41 2025"
"index12_resids_SE_total_DEPM.png","Deviations for fit to index for DEPM.<br>Values are log(Obs) - log(Exp) and thus independent of index uncertainty.",NA,"Index",2025-04-29 15:44:49.622461,"StartTime: Tue Apr 29 15:36:41 2025"
"index1_cpuedata_TEP_all.png","Index data for TEP_all. Lines indicate 95% uncertainty interval around index values based on the model assumption of lognormal error. Thicker lines (if present) indicate input uncertainty before addition of estimated additional uncertainty parameter.",NA,"Index",2025-04-29 15:44:49.622461,"StartTime: Tue Apr 29 15:36:41 2025"
"index2_cpuefit_TEP_all.png","Fit to index data for TEP_all. Lines indicate 95% uncertainty interval around index values based on the model assumption of lognormal error. Thicker lines (if present) indicate input uncertainty before addition of estimated additional uncertainty parameter.",NA,"Index",2025-04-29 15:44:49.622461,"StartTime: Tue Apr 29 15:36:41 2025"
"index3_obs_vs_exp_TEP_all.png","Observed vs. expected index values with smoother for TEP_all",NA,"Index",2025-04-29 15:44:49.622461,"StartTime: Tue Apr 29 15:36:41 2025"
"index4_logcpuedata_TEP_all.png","Log index data for TEP_all. Lines indicate 95% uncertainty interval around index values based on the model assumption of lognormal error. Thicker lines (if present) indicate input uncertainty before addition of estimated additional uncertainty parameter.",NA,"Index",2025-04-29 15:44:49.622461,"StartTime: Tue Apr 29 15:36:41 2025"
"index5_logcpuefit_TEP_all.png","Fit to log index data on log scale for TEP_all. Lines indicate 95% uncertainty interval around index values based on the model assumption of lognormal error. Thicker lines (if present) indicate input uncertainty before addition of estimated additional uncertainty parameter.",NA,"Index",2025-04-29 15:44:49.622461,"StartTime: Tue Apr 29 15:36:41 2025"
"index6_log_obs_vs_exp_TEP_all.png","log(observed) vs. log(expected) index values with smoother for TEP_all",NA,"Index",2025-04-29 15:44:49.622461,"StartTime: Tue Apr 29 15:36:41 2025"
"index10_resids_SE_total_TEP_all.png","Residuals of fit to index for TEP_all.<br>Values are (log(Obs) - log(Exp))/SE where SE is the total standard error including any estimated additional uncertainty.",NA,"Index",2025-04-29 15:44:49.622461,"StartTime: Tue Apr 29 15:36:41 2025"
"index12_resids_SE_total_TEP_all.png","Deviations for fit to index for TEP_all.<br>Values are log(Obs) - log(Exp) and thus independent of index uncertainty.",NA,"Index",2025-04-29 15:44:49.622461,"StartTime: Tue Apr 29 15:36:41 2025"
"index9_standcpueall.png","Standardized indices overlaid. Each index is rescaled to have mean observation = 1.0.",NA,"Index",2025-04-29 15:44:49.622461,"StartTime: Tue Apr 29 15:36:41 2025"
"numbers1_sex1_beg.png","Beginning of season 1 expected numbers at age in (max ~ 45.2 billion)",NA,"Numbers",2025-04-29 15:44:49.622461,"StartTime: Tue Apr 29 15:36:41 2025"
"numbers1_sex1_mid.png","Middle of season 1 expected numbers at age in (max ~ 34.4 billion)",NA,"Numbers",2025-04-29 15:44:49.622461,"StartTime: Tue Apr 29 15:36:41 2025"
"numbers6_len_sex1.png","Beginning of season 1 expected numbers at length in (max ~ 31.3 billion)",NA,"Numbers",2025-04-29 15:44:49.622461,"StartTime: Tue Apr 29 15:36:41 2025"
"numbers6_len_sex1.png","Middle of season 1 expected numbers at length in (max ~ 11.4 billion)",NA,"Numbers",2025-04-29 15:44:49.622461,"StartTime: Tue Apr 29 15:36:41 2025"
"numbers4_equilagecomp.png","Equilibrium age distribution",NA,"Numbers",2025-04-29 15:44:49.622461,"StartTime: Tue Apr 29 15:36:41 2025"
"numbers5_ageerrorSD.png","Ageing imprecision: SD of observed age (yr)",NA,"Numbers",2025-04-29 15:44:49.622461,"StartTime: Tue Apr 29 15:36:41 2025"
"numbers10_ageerror_matrix_1.png","Distribution of observed age at true age 
 for ageing error type 1",NA,"Numbers",2025-04-29 15:44:49.622461,"StartTime: Tue Apr 29 15:36:41 2025"
"numbers10_ageerror_matrix_2.png","Distribution of observed age at true age 
 for ageing error type 2",NA,"Numbers",2025-04-29 15:44:49.622461,"StartTime: Tue Apr 29 15:36:41 2025"
"numbers10_ageerror_matrix_3.png","Distribution of observed age at true age 
 for ageing error type 3",NA,"Numbers",2025-04-29 15:44:49.622461,"StartTime: Tue Apr 29 15:36:41 2025"
"numbers10_ageerror_matrix_4.png","Distribution of observed age at true age 
 for ageing error type 4",NA,"Numbers",2025-04-29 15:44:49.622461,"StartTime: Tue Apr 29 15:36:41 2025"
"numbers10_ageerror_matrix_5.png","Distribution of observed age at true age 
 for ageing error type 5",NA,"Numbers",2025-04-29 15:44:49.622461,"StartTime: Tue Apr 29 15:36:41 2025"
"numbers10_ageerror_matrix_6.png","Distribution of observed age at true age 
 for ageing error type 6",NA,"Numbers",2025-04-29 15:44:49.622461,"StartTime: Tue Apr 29 15:36:41 2025"
"numbers10_ageerror_matrix_7.png","Distribution of observed age at true age 
 for ageing error type 7",NA,"Numbers",2025-04-29 15:44:49.622461,"StartTime: Tue Apr 29 15:36:41 2025"
"numbers10_ageerror_matrix_8.png","Distribution of observed age at true age 
 for ageing error type 8",NA,"Numbers",2025-04-29 15:44:49.622461,"StartTime: Tue Apr 29 15:36:41 2025"
"numbers10_ageerror_matrix_9.png","Distribution of observed age at true age 
 for ageing error type 9",NA,"Numbers",2025-04-29 15:44:49.622461,"StartTime: Tue Apr 29 15:36:41 2025"
"numbers10_ageerror_matrix_10.png","Distribution of observed age at true age 
 for ageing error type 10",NA,"Numbers",2025-04-29 15:44:49.622461,"StartTime: Tue Apr 29 15:36:41 2025"
"comp_agedat__aggregated_across_time.png","Age comp data, aggregated across time by fleet.
 <br> Labels 'retained' and 'discard' indicate discarded or retained sampled for each fleet. Panels without this designation represent the whole catch.
",NA,"CompDat",2025-04-29 15:44:49.622461,"StartTime: Tue Apr 29 15:36:41 2025"
"comp_agedat__multi-fleet_comparison.png","Age comp data,  comparing across fleets",NA,"CompDat",2025-04-29 15:44:49.622461,"StartTime: Tue Apr 29 15:36:41 2025"
"comp_agedat_flt1mkt0_page1.png","Age comp data, whole catch, MexCal_S1 (plot 1 of 2).<br><br>'N adj.' is the input sample size after data-weighting adjustment. N eff. is the calculated effective sample size used in the McAllister-Ianelli tuning method.",NA,"CompDat",2025-04-29 15:44:49.622461,"StartTime: Tue Apr 29 15:36:41 2025"
"comp_agedat_flt1mkt0_page2.png","Age comp data, whole catch, MexCal_S1 (plot 1 of 2).<br><br>'N adj.' is the input sample size after data-weighting adjustment. N eff. is the calculated effective sample size used in the McAllister-Ianelli tuning method. (plot 2 of 2)",NA,"CompDat",2025-04-29 15:44:49.622461,"StartTime: Tue Apr 29 15:36:41 2025"
"comp_agedat_bubflt1mkt0_page2.png","Age comp data, whole catch, MexCal_S1 (max=0.91) (plot 2 of 2)",NA,"CompDat",2025-04-29 15:44:49.622461,"StartTime: Tue Apr 29 15:36:41 2025"
"comp_agedat_data_weighting_TA1-8_MexCal_S1.png","Mean age for MexCal_S1 with 95% confidence intervals based on current sample sizes.",NA,"CompDat",2025-04-29 15:44:49.622461,"StartTime: Tue Apr 29 15:36:41 2025"
"comp_agedat_flt2mkt0_page1.png","Age comp data, whole catch, MexCal_S2 (plot 1 of 2).<br><br>'N adj.' is the input sample size after data-weighting adjustment. N eff. is the calculated effective sample size used in the McAllister-Ianelli tuning method.",NA,"CompDat",2025-04-29 15:44:49.622461,"StartTime: Tue Apr 29 15:36:41 2025"
"comp_agedat_flt2mkt0_page2.png","Age comp data, whole catch, MexCal_S2 (plot 1 of 2).<br><br>'N adj.' is the input sample size after data-weighting adjustment. N eff. is the calculated effective sample size used in the McAllister-Ianelli tuning method. (plot 2 of 2)",NA,"CompDat",2025-04-29 15:44:49.622461,"StartTime: Tue Apr 29 15:36:41 2025"
"comp_agedat_bubflt2mkt0_page2.png","Age comp data, whole catch, MexCal_S2 (max=0.87) (plot 2 of 2)",NA,"CompDat",2025-04-29 15:44:49.622461,"StartTime: Tue Apr 29 15:36:41 2025"
"comp_agedat_data_weighting_TA1-8_MexCal_S2.png","Mean age for MexCal_S2 with 95% confidence intervals based on current sample sizes.",NA,"CompDat",2025-04-29 15:44:49.622461,"StartTime: Tue Apr 29 15:36:41 2025"
"comp_agedat_flt3mkt0.png","Age comp data, whole catch, PNW.<br><br>'N adj.' is the input sample size after data-weighting adjustment. N eff. is the calculated effective sample size used in the McAllister-Ianelli tuning method.",NA,"CompDat",2025-04-29 15:44:49.622461,"StartTime: Tue Apr 29 15:36:41 2025"
"comp_agedat_bubflt3mkt0.png","Age comp data, whole catch, PNW (max=0.67)",NA,"CompDat",2025-04-29 15:44:49.622461,"StartTime: Tue Apr 29 15:36:41 2025"
"comp_agedat_data_weighting_TA1-8_PNW.png","Mean age for PNW with 95% confidence intervals based on current sample sizes.",NA,"CompDat",2025-04-29 15:44:49.622461,"StartTime: Tue Apr 29 15:36:41 2025"
"comp_agedat_flt4mkt0.png","Age comp data, whole catch, AT_Survey.<br><br>'N adj.' is the input sample size after data-weighting adjustment. N eff. is the calculated effective sample size used in the McAllister-Ianelli tuning method.",NA,"CompDat",2025-04-29 15:44:49.622461,"StartTime: Tue Apr 29 15:36:41 2025"
"comp_agedat_bubflt4mkt0.png","Age comp data, whole catch, AT_Survey (max=0.8)",NA,"CompDat",2025-04-29 15:44:49.622461,"StartTime: Tue Apr 29 15:36:41 2025"
"comp_agedat_data_weighting_TA1-8_AT_Survey.png","Mean age for AT_Survey with 95% confidence intervals based on current sample sizes.",NA,"CompDat",2025-04-29 15:44:49.622461,"StartTime: Tue Apr 29 15:36:41 2025"
"comp_agefit__aggregated_across_time.png","Age comps, aggregated across time by fleet.
 <br> Labels 'retained' and 'discard' indicate discarded or retained sampled for each fleet. Panels without this designation represent the whole catch.
",NA,"AgeComp",2025-04-29 15:44:49.622461,"StartTime: Tue Apr 29 15:36:41 2025"
"comp_agefit__multi-fleet_comparison.png","Pearson residuals,  comparing across fleets <br> 
Closed bubbles are positive residuals (observed > expected) and open bubbles are negative residuals (observed < expected).",NA,"AgeComp",2025-04-29 15:44:49.622461,"StartTime: Tue Apr 29 15:36:41 2025"
"comp_agefit_flt1mkt0_page1.png","Age comps, whole catch, MexCal_S1 (plot 1 of 2).<br><br>'N adj.' is the input sample size after data-weighting adjustment. N eff. is the calculated effective sample size used in the McAllister-Ianelli tuning method.",NA,"AgeComp",2025-04-29 15:44:49.622461,"StartTime: Tue Apr 29 15:36:41 2025"
"comp_agefit_flt1mkt0_page2.png","Age comps, whole catch, MexCal_S1 (plot 1 of 2).<br><br>'N adj.' is the input sample size after data-weighting adjustment. N eff. is the calculated effective sample size used in the McAllister-Ianelli tuning method. (plot 2 of 2)",NA,"AgeComp",2025-04-29 15:44:49.622461,"StartTime: Tue Apr 29 15:36:41 2025"
"comp_agefit_residsflt1mkt0_page2.png","Pearson residuals, whole catch, MexCal_S1 (max=3.61) (plot 2 of 2) <br> 
Closed bubbles are positive residuals (observed > expected) and open bubbles are negative residuals (observed < expected).",NA,"AgeComp",2025-04-29 15:44:49.622461,"StartTime: Tue Apr 29 15:36:41 2025"
"comp_agefit_sampsize_flt1mkt0.png","N-EffN comparison, Age comps, whole catch, MexCal_S1",NA,"AgeComp",2025-04-29 15:44:49.622461,"StartTime: Tue Apr 29 15:36:41 2025"
"comp_agefit_data_weighting_TA1-8_MexCal_S1.png","Mean age for MexCal_S1 with 95% confidence intervals based on current sample sizes.<br>Francis data weighting method TA1.8: thinner intervals (with capped ends) show result of further adjusting sample sizes based on suggested multiplier (with 95% interval) for age data from MexCal_S1:<br>0.9143 (0.662-1.5979) <br>For more info, see  <a href=https://doi.org/10.1139/f2011-025> Francis (2011)</a>.",NA,"AgeComp",2025-04-29 15:44:49.622461,"StartTime: Tue Apr 29 15:36:41 2025"
"comp_agefit_flt2mkt0_page1.png","Age comps, whole catch, MexCal_S2 (plot 1 of 2).<br><br>'N adj.' is the input sample size after data-weighting adjustment. N eff. is the calculated effective sample size used in the McAllister-Ianelli tuning method.",NA,"AgeComp",2025-04-29 15:44:49.622461,"StartTime: Tue Apr 29 15:36:41 2025"
"comp_agefit_flt2mkt0_page2.png","Age comps, whole catch, MexCal_S2 (plot 1 of 2).<br><br>'N adj.' is the input sample size after data-weighting adjustment. N eff. is the calculated effective sample size used in the McAllister-Ianelli tuning method. (plot 2 of 2)",NA,"AgeComp",2025-04-29 15:44:49.622461,"StartTime: Tue Apr 29 15:36:41 2025"
"comp_agefit_residsflt2mkt0_page2.png","Pearson residuals, whole catch, MexCal_S2 (max=9.95) (plot 2 of 2) <br> 
Closed bubbles are positive residuals (observed > expected) and open bubbles are negative residuals (observed < expected).",NA,"AgeComp",2025-04-29 15:44:49.622461,"StartTime: Tue Apr 29 15:36:41 2025"
"comp_agefit_sampsize_flt2mkt0.png","N-EffN comparison, Age comps, whole catch, MexCal_S2",NA,"AgeComp",2025-04-29 15:44:49.622461,"StartTime: Tue Apr 29 15:36:41 2025"
"comp_agefit_data_weighting_TA1-8_MexCal_S2.png","Mean age for MexCal_S2 with 95% confidence intervals based on current sample sizes.<br>Francis data weighting method TA1.8: thinner intervals (with capped ends) show result of further adjusting sample sizes based on suggested multiplier (with 95% interval) for age data from MexCal_S2:<br>0.2581 (0.1536-0.6215) <br>For more info, see  <a href=https://doi.org/10.1139/f2011-025> Francis (2011)</a>.",NA,"AgeComp",2025-04-29 15:44:49.622461,"StartTime: Tue Apr 29 15:36:41 2025"
"comp_agefit_flt3mkt0.png","Age comps, whole catch, PNW.<br><br>'N adj.' is the input sample size after data-weighting adjustment. N eff. is the calculated effective sample size used in the McAllister-Ianelli tuning method.",NA,"AgeComp",2025-04-29 15:44:49.622461,"StartTime: Tue Apr 29 15:36:41 2025"
"comp_agefit_residsflt3mkt0.png","Pearson residuals, whole catch, PNW (max=3.36) <br> 
Closed bubbles are positive residuals (observed > expected) and open bubbles are negative residuals (observed < expected).",NA,"AgeComp",2025-04-29 15:44:49.622461,"StartTime: Tue Apr 29 15:36:41 2025"
"comp_agefit_sampsize_flt3mkt0.png","N-EffN comparison, Age comps, whole catch, PNW",NA,"AgeComp",2025-04-29 15:44:49.622461,"StartTime: Tue Apr 29 15:36:41 2025"
"comp_agefit_data_weighting_TA1-8_PNW.png","Mean age for PNW with 95% confidence intervals based on current sample sizes.<br>Francis data weighting method TA1.8: thinner intervals (with capped ends) show result of further adjusting sample sizes based on suggested multiplier (with 95% interval) for age data from PNW:<br>0.5902 (0.3346-2.1649) <br>For more info, see  <a href=https://doi.org/10.1139/f2011-025> Francis (2011)</a>.",NA,"AgeComp",2025-04-29 15:44:49.622461,"StartTime: Tue Apr 29 15:36:41 2025"
"comp_agefit_flt4mkt0.png","Age comps, whole catch, AT_Survey.<br><br>'N adj.' is the input sample size after data-weighting adjustment. N eff. is the calculated effective sample size used in the McAllister-Ianelli tuning method.",NA,"AgeComp",2025-04-29 15:44:49.622461,"StartTime: Tue Apr 29 15:36:41 2025"
"comp_agefit_residsflt4mkt0.png","Pearson residuals, whole catch, AT_Survey (max=4.47) <br> 
Closed bubbles are positive residuals (observed > expected) and open bubbles are negative residuals (observed < expected).",NA,"AgeComp",2025-04-29 15:44:49.622461,"StartTime: Tue Apr 29 15:36:41 2025"
"comp_agefit_sampsize_flt4mkt0.png","N-EffN comparison, Age comps, whole catch, AT_Survey",NA,"AgeComp",2025-04-29 15:44:49.622461,"StartTime: Tue Apr 29 15:36:41 2025"
"comp_agefit_data_weighting_TA1-8_AT_Survey.png","Mean age for AT_Survey with 95% confidence intervals based on current sample sizes.<br>Francis data weighting method TA1.8: thinner intervals (with capped ends) show result of further adjusting sample sizes based on suggested multiplier (with 95% interval) for age data from AT_Survey:<br>0.3831 (0.1938-2.2336) <br>For more info, see  <a href=https://doi.org/10.1139/f2011-025> Francis (2011)</a>.",NA,"AgeComp",2025-04-29 15:44:49.622461,"StartTime: Tue Apr 29 15:36:41 2025"
"yield1_yield_curve.png","Yield curve",NA,"Yield",2025-04-29 15:44:49.622461,"StartTime: Tue Apr 29 15:36:41 2025"
"yield2_yield_curve_with_refpoints.png","Yield curve with reference points",NA,"Yield",2025-04-29 15:44:49.622461,"StartTime: Tue Apr 29 15:36:41 2025"
"yield3_surplus_production.png","Surplus production vs. total biomass plot. For interpretation, see<br> <blockquote>Walters, Hilborn, and  Christensen, 2008, Surplus production dynamics in declining and recovering fish populations. <i>Can. J. Fish. Aquat. Sci.</i> 65: 2536-2551. <a href='https://doi.org/10.1139/F08-170'>https://doi.org/10.1139/F08-170</a>.</blockquote>",NA,"Yield",2025-04-29 15:44:49.622461,"StartTime: Tue Apr 29 15:36:41 2025"
"yield4_surplus_production.png","Surplus production vs. spawning biomass plot. For interpretation, see<br> <blockquote>Forrest, Kronlund, Cleary, and Grinnell. 2023. An evidence-based approach for selecting a limit reference point for Pacific herring (<i>Clupea pallasii</i>) stocks in British Columbia, Canada. <i>Can. J. Fish. Aquat. Sci.</i> 80: 1071-1083. <a href='https://doi.org/10.1139/cjfas-2022-0168'>https://doi.org/10.1139/cjfas-2022-0168</a>.</blockquote>",NA,"Yield",2025-04-29 15:44:49.622461,"StartTime: Tue Apr 29 15:36:41 2025"
"yield5_YPR_timeseries.png","Time series of yield per recruit (kg)",NA,"Yield",2025-04-29 15:44:49.622461,"StartTime: Tue Apr 29 15:36:41 2025"
"data_plot.png","Data presence by year for each fleet and data type.",NA,"Data",2025-04-29 15:44:49.622461,"StartTime: Tue Apr 29 15:36:41 2025"
"data_plot2.png","Data presence by year for each fleet, where circle area is <br>  relative within a data type. Circles are proportional to <br>  total catch for catches; to precision for indices, discards, and <br>  mean body weight observations; and to total sample size for <br> compositions and mean weight- or length-at-age observations. <br> Observations excluded from the likelihood have <br> equal size for all years. <br> Note that since the circles are are scaled relative <br>  to maximum within each type, the scaling within separate plots <br>  should not be compared. <br>This is a seasonal model, so scaling is based on either <br>  the sum of samples within each year (for things like comps) <br>  or the average among observations within a year (for  <br>  things like index uncertainty).",NA,"Data",2025-04-29 15:44:49.622461,"StartTime: Tue Apr 29 15:36:41 2025"
"parameter_distributions_page1.png","Parameter distribution plots (plot 1 of 19). <br>Deviation parameters are not included. <br>Plotting range is equal to input limits on parameters. Use fitrange = TRUE to scale the range to the estimates.",NA,"Pars",2025-04-29 15:44:49.622461,"StartTime: Tue Apr 29 15:36:41 2025"
"parameter_distributions_page2.png","Parameter distribution plots (plot 2 of 19).",NA,"Pars",2025-04-29 15:44:49.622461,"StartTime: Tue Apr 29 15:36:41 2025"
"parameter_distributions_page3.png","Parameter distribution plots (plot 3 of 19).",NA,"Pars",2025-04-29 15:44:49.622461,"StartTime: Tue Apr 29 15:36:41 2025"
"parameter_distributions_page4.png","Parameter distribution plots (plot 4 of 19).",NA,"Pars",2025-04-29 15:44:49.622461,"StartTime: Tue Apr 29 15:36:41 2025"
"parameter_distributions_page5.png","Parameter distribution plots (plot 5 of 19).",NA,"Pars",2025-04-29 15:44:49.622461,"StartTime: Tue Apr 29 15:36:41 2025"
"parameter_distributions_page6.png","Parameter distribution plots (plot 6 of 19).",NA,"Pars",2025-04-29 15:44:49.622461,"StartTime: Tue Apr 29 15:36:41 2025"
"parameter_distributions_page7.png","Parameter distribution plots (plot 7 of 19).",NA,"Pars",2025-04-29 15:44:49.622461,"StartTime: Tue Apr 29 15:36:41 2025"
"parameter_distributions_page9.png","Parameter distribution plots (plot 9 of 19).",NA,"Pars",2025-04-29 15:44:49.622461,"StartTime: Tue Apr 29 15:36:41 2025"
"parameter_distributions_page10.png","Parameter distribution plots (plot 10 of 19).",NA,"Pars",2025-04-29 15:44:49.622461,"StartTime: Tue Apr 29 15:36:41 2025"
"parameter_distributions_page11.png","Parameter distribution plots (plot 11 of 19).",NA,"Pars",2025-04-29 15:44:49.622461,"StartTime: Tue Apr 29 15:36:41 2025"
"parameter_distributions_page12.png","Parameter distribution plots (plot 12 of 19).",NA,"Pars",2025-04-29 15:44:49.622461,"StartTime: Tue Apr 29 15:36:41 2025"
"parameter_distributions_page13.png","Parameter distribution plots (plot 13 of 19).",NA,"Pars",2025-04-29 15:44:49.622461,"StartTime: Tue Apr 29 15:36:41 2025"
"parameter_distributions_page14.png","Parameter distribution plots (plot 14 of 19).",NA,"Pars",2025-04-29 15:44:49.622461,"StartTime: Tue Apr 29 15:36:41 2025"
"parameter_distributions_page15.png","Parameter distribution plots (plot 15 of 19).",NA,"Pars",2025-04-29 15:44:49.622461,"StartTime: Tue Apr 29 15:36:41 2025"
"parameter_distributions_page17.png","Parameter distribution plots (plot 17 of 19).",NA,"Pars",2025-04-29 15:44:49.622461,"StartTime: Tue Apr 29 15:36:41 2025"
"parameter_distributions_page18.png","Parameter distribution plots (plot 18 of 19).",NA,"Pars",2025-04-29 15:44:49.622461,"StartTime: Tue Apr 29 15:36:41 2025"
"parameter_distributions_page19.png","Parameter distribution plots (plot 19 of 19).",NA,"Pars",2025-04-29 15:44:49.622461,"StartTime: Tue Apr 29 15:36:41 2025"
"parameter_distributions_page20.png","Parameter distribution plots (plot 20 of 19).",NA,"Pars",2025-04-29 15:44:49.622461,"StartTime: Tue Apr 29 15:36:41 2025"
"parameter_distributions_page21.png","Parameter distribution plots (plot 21 of 19).",NA,"Pars",2025-04-29 15:44:49.622461,"StartTime: Tue Apr 29 15:36:41 2025"
"parameterchecks.html","<b>Estimated parameters (excluding deviation parameters)</b><br> Any parameter with a gradient value with an absolute value above 0.001 or a parameter on bounds is colored in red.",NA,"DiagnosticTables",2025-04-29 15:44:49.622461,"StartTime: Tue Apr 29 15:36:41 2025"
"correlationcheck.html","<b>Highly correlated parameter pairs</b><br> Pairs of parameters with the  50  highest correlations, sorted by absolute value of the correlation. Correlations above 0.95 (in absolute value) are colored in red. These parameters may be confounded or may cause convergence issues.",NA,"DiagnosticTables",2025-04-29 15:44:49.622461,"StartTime: Tue Apr 29 15:36:41 2025"
"lowcorrelationcheck.html","<b>Parameters with low correlations</b><br> Estimated parameters that are the least correlated with all other parameters. The correlation value represents the maximum correlation between the parameter in question and all other estimated parameters. Uncorrelated parameters may not be playing a significant role in the model. Maximum correlations below 0.01 are colored in red.",NA,"DiagnosticTables",2025-04-29 15:44:49.622461,"StartTime: Tue Apr 29 15:36:41 2025"
